{
  "hash": "1c50d229",
  "configHash": "be4a4341",
  "lockfileHash": "a1bc42df",
  "browserHash": "26ad70b2",
  "optimized": {
    "@angular/common/http": {
      "src": "../../../../../../node_modules/@angular/common/fesm2022/http.mjs",
      "file": "@angular_common_http.js",
      "fileHash": "00f9189f",
      "needsInterop": false
    },
    "@angular/core": {
      "src": "../../../../../../node_modules/@angular/core/fesm2022/core.mjs",
      "file": "@angular_core.js",
      "fileHash": "e4e0871d",
      "needsInterop": false
    },
    "@angular/platform-browser": {
      "src": "../../../../../../node_modules/@angular/platform-browser/fesm2022/platform-browser.mjs",
      "file": "@angular_platform-browser.js",
      "fileHash": "a8d656ec",
      "needsInterop": false
    },
    "@angular/platform-browser/animations/async": {
      "src": "../../../../../../node_modules/@angular/platform-browser/fesm2022/animations/async.mjs",
      "file": "@angular_platform-browser_animations_async.js",
      "fileHash": "ea0a643b",
      "needsInterop": false
    },
    "@angular/router": {
      "src": "../../../../../../node_modules/@angular/router/fesm2022/router.mjs",
      "file": "@angular_router.js",
      "fileHash": "7b3ce8a7",
      "needsInterop": false
    }
  },
  "chunks": {
    "chunk-ZGDRRVC3": {
      "file": "chunk-ZGDRRVC3.js"
    },
    "chunk-IPHTWQH4": {
      "file": "chunk-IPHTWQH4.js"
    },
    "browser-YIAD4WZX": {
      "file": "browser-YIAD4WZX.js"
    },
    "chunk-LXQ6ILXU": {
      "file": "chunk-LXQ6ILXU.js"
    },
    "chunk-MBENSOCI": {
      "file": "chunk-MBENSOCI.js"
    }
  }
}