{
  "hash": "b71ebad6",
  "configHash": "aa6a77fc",
  "lockfileHash": "1ce43f22",
  "browserHash": "75f78c3e",
  "optimized": {
    "@angular/core": {
      "src": "../../../../../../node_modules/@angular/core/fesm2022/core.mjs",
      "file": "@angular_core.js",
      "fileHash": "1734664f",
      "needsInterop": false
    },
    "@angular/platform-browser": {
      "src": "../../../../../../node_modules/@angular/platform-browser/fesm2022/platform-browser.mjs",
      "file": "@angular_platform-browser.js",
      "fileHash": "dfef6022",
      "needsInterop": false
    },
    "@angular/router": {
      "src": "../../../../../../node_modules/@angular/router/fesm2022/router.mjs",
      "file": "@angular_router.js",
      "fileHash": "952e6663",
      "needsInterop": false
    }
  },
  "chunks": {
    "chunk-F7U72CD4": {
      "file": "chunk-F7U72CD4.js"
    },
    "chunk-MBENSOCI": {
      "file": "chunk-MBENSOCI.js"
    }
  }
}