{
  "hash": "543bb145",
  "configHash": "b5f297c1",
  "lockfileHash": "a1bc42df",
  "browserHash": "552e0a75",
  "optimized": {
    "@angular/common/http": {
      "src": "../../../../../../node_modules/@angular/common/fesm2022/http.mjs",
      "file": "@angular_common_http.js",
      "fileHash": "fdca15d8",
      "needsInterop": false
    },
    "@angular/core": {
      "src": "../../../../../../node_modules/@angular/core/fesm2022/core.mjs",
      "file": "@angular_core.js",
      "fileHash": "300eb103",
      "needsInterop": false
    },
    "@angular/platform-browser": {
      "src": "../../../../../../node_modules/@angular/platform-browser/fesm2022/platform-browser.mjs",
      "file": "@angular_platform-browser.js",
      "fileHash": "1e6dbda0",
      "needsInterop": false
    },
    "@angular/platform-browser/animations/async": {
      "src": "../../../../../../node_modules/@angular/platform-browser/fesm2022/animations/async.mjs",
      "file": "@angular_platform-browser_animations_async.js",
      "fileHash": "03539c5a",
      "needsInterop": false
    },
    "@angular/platform-server": {
      "src": "../../../../../../node_modules/@angular/platform-server/fesm2022/platform-server.mjs",
      "file": "@angular_platform-server.js",
      "fileHash": "597014bc",
      "needsInterop": false
    },
    "@angular/router": {
      "src": "../../../../../../node_modules/@angular/router/fesm2022/router.mjs",
      "file": "@angular_router.js",
      "fileHash": "a3f45d3d",
      "needsInterop": false
    }
  },
  "chunks": {
    "chunk-4IANEPSO": {
      "file": "chunk-4IANEPSO.js"
    },
    "chunk-YB6ZC5WU": {
      "file": "chunk-YB6ZC5WU.js"
    },
    "browser-2YMGW7MM": {
      "file": "browser-2YMGW7MM.js"
    },
    "chunk-6CSUYUJQ": {
      "file": "chunk-6CSUYUJQ.js"
    },
    "chunk-ANSPOGUZ": {
      "file": "chunk-ANSPOGUZ.js"
    },
    "chunk-NCYSEW5N": {
      "file": "chunk-NCYSEW5N.js"
    },
    "xhr2-ISERFGGE": {
      "file": "xhr2-ISERFGGE.js"
    },
    "chunk-NQ4HTGF6": {
      "file": "chunk-NQ4HTGF6.js"
    }
  }
}